id,title,rating,volume,year,parental_guide,runtime,genres,director,writers,stars
tt0111161,The Shawshank Redemption,9.3,2700000,1994,R,2h 22m,Drama,Frank Darabont|nm0001104,"Stephen King,Frank Darabont","Tim Robbins,Morgan Freeman,Bob Gunton"
tt0110357,The Lion King,8.5,1100000,1994,G,1h 28m,"Animation,Adventure,Drama","Roger Allers|nm0021249,Rob Minkoff|nm0591450","Irene Mecchi,Jonathan Roberts,Linda Woolverton","Matthew Broderick,Jeremy Irons,James Earl Jones"
tt0110413,Léon: The Professional,8.5,1200000,1994,R,1h 50m,"Action,Crime,Drama",Luc Besson|nm0000108,Luc Besson,"Jean Reno,Gary Oldman,Natalie Portman"
tt0172495,Gladiator,8.5,1500000,2000,R,2h 35m,"Action,Adventure,Drama",Ridley Scott|nm0000631,"David Franzoni,John Logan,William Nicholson","Russell Crowe,Joaquin Phoenix,Connie Nielsen"
tt6751668,Parasite,8.5,853000,2019,R,2h 12m,"Drama,Thriller",Bong Joon Ho|nm0094435,"Bong Joon Ho,Han Jin-won","Song Kang-ho,Lee Sun-kyun,Cho Yeo-jeong"
tt2582802,Whiplash,8.5,903000,2014,R,1h 46m,"Drama,Music",Damien Chazelle|nm3227090,Damien Chazelle,"Miles Teller,J.K. Simmons,Melissa Benoist"
tt0054215,Psycho,8.5,687000,1960,R,1h 49m,"Horror,Mystery,Thriller",Alfred Hitchcock|nm0000033,"Joseph Stefano,Robert Bloch","Anthony Perkins,Janet Leigh,Vera Miles"
tt0120586,American History X,8.5,1100000,1998,R,1h 59m,"Crime,Drama",Tony Kaye|nm0443411,David McKenna,"Edward Norton,Edward Furlong,Beverly D'Angelo"
tt0407887,The Departed,8.5,1400000,2006,R,2h 31m,"Crime,Drama,Thriller",Martin Scorsese|nm0000217,"William Monahan,Alan Mak,Felix Chong","Leonardo DiCaprio,Matt Damon,Jack Nicholson"
tt0120689,The Green Mile,8.6,1300000,1999,R,3h 9m,"Crime,Drama,Fantasy",Frank Darabont|nm0001104,"Stephen King,Frank Darabont","Tom Hanks,Michael Clarke Duncan,David Morse"
tt0076759,Star Wars: Episode IV - A New Hope,8.6,1400000,1977,PG,2h 1m,"Action,Adventure,Fantasy",George Lucas|nm0000184,George Lucas,"Mark Hamill,Harrison Ford,Carrie Fisher"
tt0103064,Terminator 2: Judgment Day,8.6,1100000,1991,R,2h 17m,"Action,Sci-Fi",James Cameron|nm0000116,"James Cameron,William Wisher","Arnold Schwarzenegger,Linda Hamilton,Edward Furlong"
tt0071411,Dersu Uzala,8.2,32000,1975,G,2h 22m,"Adventure,Biography,Drama",Akira Kurosawa|nm0000041,"Akira Kurosawa,Yuriy Nagibin,Vladimir Arsenev","Maksim Munzuk,Yuriy Solomin,Mikhail Bychkov"
tt0253474,The Pianist,8.5,855000,2002,R,2h 30m,"Biography,Drama,Music",Roman Polanski|nm0000591,"Ronald Harwood,Wladyslaw Szpilman","Adrien Brody,Thomas Kretschmann,Frank Finlay"
tt0088763,Back to the Future,8.5,1200000,1985,PG,1h 56m,"Adventure,Comedy,Sci-Fi",Robert Zemeckis|nm0000709,"Robert Zemeckis,Bob Gale","Michael J. Fox,Christopher Lloyd,Lea Thompson"
tt0118799,Life Is Beautiful,8.6,711000,1997,PG-13,1h 56m,"Comedy,Drama,Romance",Roberto Benigni|nm0000905,"Vincenzo Cerami,Roberto Benigni","Roberto Benigni,Nicoletta Braschi,Giorgio Cantarini"
tt0245429,Spirited Away,8.6,789000,2001,PG,2h 5m,"Animation,Adventure,Family",Hayao Miyazaki|nm0594503,Hayao Miyazaki,"Daveigh Chase,Suzanne Pleshette,Miyu Irino"
tt0129167,The Iron Giant,8.1,209000,1999,PG,1h 26m,"Animation,Action,Adventure",Brad Bird|nm0083348,"Tim McCanlies,Brad Bird,Ted Hughes","Eli Marienthal,Harry Connick Jr.,Jennifer Aniston"
tt0025316,It Happened One Night,8.1,107000,1934,Passed,1h 45m,"Comedy,Romance",Frank Capra|nm0001008,"Robert Riskin,Samuel Hopkins Adams","Clark Gable,Claudette Colbert,Walter Connolly"
tt0059742,The Sound of Music,8.1,244000,1965,G,2h 52m,"Biography,Drama,Family",Robert Wise|nm0936404,"Georg Hurdalek,Howard Lindsay,Russel Crouse","Julie Andrews,Christopher Plummer,Eleanor Parker"
tt0053198,The 400 Blows,8.1,122000,1959,Not Rated,1h 39m,"Crime,Drama",François Truffaut|nm0000076,"François Truffaut,Marcel Moussy","Jean-Pierre Léaud,Albert Rémy,Claire Maurier"
tt0103639,Aladdin,8.0,436000,1992,G,1h 30m,"Animation,Adventure,Comedy","Ron Clements|nm0166256,John Musker|nm0615780","Ron Clements,John Musker,Ted Elliott","Scott Weinger,Robin Williams,Linda Larkin"
tt1454029,The Help,8.1,472000,2011,PG-13,2h 26m,Drama,Tate Taylor|nm0853238,"Tate Taylor,Kathryn Stockett","Viola Davis,Emma Stone,Octavia Spencer"
tt0099348,Dances with Wolves,8.0,276000,1990,PG-13,3h 1m,"Adventure,Drama,Western",Kevin Costner|nm0000126,Michael Blake,"Kevin Costner,Mary McDonnell,Graham Greene"
tt0060827,Persona,8.1,124000,1966,Not Rated,1h 23m,"Drama,Thriller",Ingmar Bergman|nm0000005,Ingmar Bergman,"Bibi Andersson,Liv Ullmann,Margaretha Krook"
tt0079470,Life of Brian,8.0,409000,1979,R,1h 34m,Comedy,Terry Jones|nm0001402,"Graham Chapman,John Cleese,Terry Gilliam","Graham Chapman,John Cleese,Michael Palin"
tt0061512,Cool Hand Luke,8.1,182000,1967,GP,2h 7m,"Crime,Drama",Stuart Rosenberg|nm0742341,"Donn Pearce,Frank Pierson,Hal Dresner","Paul Newman,George Kennedy,Strother Martin"
tt15097216,Jai Bhim,8.8,207000,2021,TV-MA,2h 44m,"Crime,Drama,Mystery",T.J. Gnanavel|nm4377096,"T.J. Gnanavel,Rajendra Sapre","Suriya,Lijo Mol Jose,Manikandan K."
tt0032976,Rebecca,8.1,141000,1940,Approved,2h 10m,"Drama,Film-Noir,Mystery",Alfred Hitchcock|nm0000033,"Daphne Du Maurier,Robert E. Sherwood,Joan Harrison","Laurence Olivier,Joan Fontaine,George Sanders"
tt0058946,The Battle of Algiers,8.1,62000,1966,Not Rated,2h 1m,"Drama,War",Gillo Pontecorvo|nm0690597,"Franco Solinas,Gillo Pontecorvo","Brahim Hadjadj,Jean Martin,Yacef Saadi"
tt4016934,The Handmaiden,8.1,157000,2016,Not Rated,2h 25m,"Drama,Romance,Thriller",Park Chan-wook|nm0661791,"Sarah Waters,Chung Seo-kyung,Park Chan-wook","Kim Min-hee,Ha Jung-woo,Cho Jin-woong"
tt0245712,Amores Perros,8.1,245000,2000,R,2h 34m,"Drama,Thriller",Alejandro G. Iñárritu|nm0327944,Guillermo Arriaga,"Emilio Echevarría,Gael García Bernal,Goya Toledo"
tt0035446,To Be or Not to Be,8.2,40000,1942,Passed,1h 39m,"Comedy,Romance,War",Ernst Lubitsch|nm0523932,"Melchior Lengyel,Edwin Justus Mayer,Ernst Lubitsch","Carole Lombard,Jack Benny,Robert Stack"
tt0325980,Pirates of the Caribbean: The Curse of the Black Pearl,8.1,1200000,2003,PG-13,2h 23m,"Action,Adventure,Fantasy",Gore Verbinski|nm0893659,"Ted Elliott,Terry Rossio,Stuart Beattie","Johnny Depp,Geoffrey Rush,Orlando Bloom"
tt1028532,Hachi: A Dog's Tale,8.1,295000,2009,G,1h 33m,"Biography,Drama,Family",Lasse Hallström|nm0002120,"Stephen P. Lindsey,Kaneto Shindô","Richard Gere,Joan Allen,Cary-Hiroyuki Tagawa"
tt0113247,La haine,8.1,181000,1995,Not Rated,1h 38m,"Crime,Drama",Mathieu Kassovitz|nm0440913,Mathieu Kassovitz,"Vincent Cassel,Hubert Koundé,Saïd Taghmaoui"
tt0048473,Pather Panchali,8.2,35000,1955,Not Rated,2h 5m,Drama,Satyajit Ray|nm0006249,"Bibhutibhushan Bandyopadhyay,Satyajit Ray","Kanu Bannerjee,Karuna Bannerjee,Subir Banerjee"
tt0032551,The Grapes of Wrath,8.1,96000,1940,Passed,2h 9m,Drama,John Ford|nm0000406,"Nunnally Johnson,John Steinbeck","Henry Fonda,Jane Darwell,John Carradine"
tt0476735,My Father and My Son,8.2,88000,2005,Not Rated,1h 52m,"Drama,Family",Çagan Irmak|nm1463981,Çagan Irmak,"Çetin Tekindor,Fikret Kuskan,Hümeyra"
tt0317705,The Incredibles,8.0,761000,2004,PG,1h 55m,"Animation,Action,Adventure",Brad Bird|nm0083348,Brad Bird,"Craig T. Nelson,Samuel L. Jackson,Holly Hunter"
tt0070047,The Exorcist,8.1,421000,1973,R,2h 2m,Horror,William Friedkin|nm0001243,William Peter Blatty,"Ellen Burstyn,Max von Sydow,Linda Blair"
tt0036868,The Best Years of Our Lives,8.1,67000,1946,Approved,2h 50m,"Drama,Romance,War",William Wyler|nm0943758,"Robert E. Sherwood,MacKinlay Kantor","Myrna Loy,Dana Andrews,Fredric March"
tt0074958,Network,8.1,163000,1976,R,2h 1m,Drama,Sidney Lumet|nm0001486,Paddy Chayefsky,"Faye Dunaway,William Holden,Peter Finch"
tt0758758,Into the Wild,8.1,635000,2007,R,2h 28m,"Adventure,Biography,Drama",Sean Penn|nm0000576,"Sean Penn,Jon Krakauer","Emile Hirsch,Vince Vaughn,Catherine Keener"
tt0107048,Groundhog Day,8.0,650000,1993,PG,1h 41m,"Comedy,Drama,Fantasy",Harold Ramis|nm0000601,"Danny Rubin,Harold Ramis","Bill Murray,Andie MacDowell,Chris Elliott"
tt0092005,Stand by Me,8.1,417000,1986,R,1h 29m,"Adventure,Drama",Rob Reiner|nm0001661,"Stephen King,Raynold Gideon,Bruce A. Evans","Wil Wheaton,River Phoenix,Corey Feldman"
tt1979320,Rush,8.1,491000,2013,R,2h 3m,"Action,Biography,Drama",Ron Howard|nm0000165,Peter Morgan,"Daniel Brühl,Chris Hemsworth,Olivia Wilde"
tt0032138,The Wizard of Oz,8.1,410000,1939,G,1h 42m,"Adventure,Family,Fantasy","Victor Fleming|nm0281808,George Cukor|nm0002030,Mervyn LeRoy|nm0503777","Noel Langley,Florence Ryerson,Edgar Allan Woolf","Judy Garland,Frank Morgan,Ray Bolger"
tt0381681,Before Sunset,8.1,274000,2004,R,1h 20m,"Drama,Romance",Richard Linklater|nm0000500,"Richard Linklater,Julie Delpy,Ethan Hawke","Ethan Hawke,Julie Delpy,Vernon Dobtcheff"
tt0091763,Platoon,8.1,423000,1986,R,2h,"Drama,War",Oliver Stone|nm0000231,Oliver Stone,"Charlie Sheen,Tom Berenger,Willem Dafoe"
tt3315342,Logan,8.1,787000,2017,R,2h 17m,"Action,Drama,Sci-Fi",James Mangold|nm0003506,"James Mangold,Scott Frank,Michael Green","Hugh Jackman,Patrick Stewart,Dafne Keen"
tt0382932,Ratatouille,8.1,765000,2007,G,1h 51m,"Animation,Adventure,Comedy","Brad Bird|nm0083348,Jan Pinkava|nm0684342","Brad Bird,Jan Pinkava,Jim Capobianco","Brad Garrett,Lou Romano,Patton Oswalt"
tt1895587,Spotlight,8.1,482000,2015,R,2h 9m,"Biography,Crime,Drama",Tom McCarthy|nm0565336,"Josh Singer,Tom McCarthy","Mark Ruffalo,Michael Keaton,Rachel McAdams"
tt0075148,Rocky,8.1,598000,1976,PG,2h,"Drama,Sport",John G. Avildsen|nm0000814,Sylvester Stallone,"Sylvester Stallone,Talia Shire,Burt Young"
tt0395169,Hotel Rwanda,8.1,362000,2004,PG-13,2h 1m,"Biography,Drama,History",Terry George|nm0313623,"Keir Pearson,Terry George","Don Cheadle,Sophie Okonedo,Joaquin Phoenix"
tt0088247,The Terminator,8.1,885000,1984,R,1h 47m,"Action,Sci-Fi",James Cameron|nm0000116,"James Cameron,Gale Anne Hurd,William Wisher","Arnold Schwarzenegger,Linda Hamilton,Michael Biehn"
tt1950186,Ford v Ferrari,8.1,418000,2019,PG-13,2h 32m,"Action,Biography,Drama",James Mangold|nm0003506,"Jez Butterworth,John-Henry Butterworth,Jason Keller","Matt Damon,Christian Bale,Jon Bernthal"
tt0019254,The Passion of Joan of Arc,8.2,57000,1928,Passed,1h 54m,"Biography,Drama,History",Carl Theodor Dreyer|nm0003433,"Joseph Delteil,Carl Theodor Dreyer","Maria Falconetti,Eugene Silvain,André Berley"
tt0118715,The Big Lebowski,8.1,827000,1998,R,1h 57m,"Comedy,Crime","Joel Coen|nm0001054,Ethan Coen|nm0001053","Ethan Coen,Joel Coen","Jeff Bridges,John Goodman,Julianne Moore"
tt0046438,Tokyo Story,8.2,64000,1953,Not Rated,2h 16m,Drama,Yasujirô Ozu|nm0654868,"Kôgo Noda,Yasujirô Ozu","Chishû Ryû,Chieko Higashiyama,Sô Yamamura"
tt0198781,"Monsters, Inc.",8.1,931000,2001,G,1h 32m,"Animation,Adventure,Comedy","Pete Docter|nm0230032,David Silverman|nm0798899,Lee Unkrich|nm0881279","Pete Docter,Jill Culton,Jeff Pidgeon","Billy Crystal,John Goodman,Mary Gibbs"
tt3170832,Room,8.1,431000,2015,R,1h 58m,"Drama,Thriller",Lenny Abrahamson|nm1049433,Emma Donoghue,"Brie Larson,Jacob Tremblay,Sean Bridgers"
tt0073195,Jaws,8.1,623000,1975,PG,2h 4m,"Adventure,Mystery,Thriller",Steven Spielberg|nm0000229,"Peter Benchley,Carl Gottlieb","Roy Scheider,Robert Shaw,Richard Dreyfuss"
tt0050976,The Seventh Seal,8.1,190000,1957,Not Rated,1h 36m,"Drama,Fantasy",Ingmar Bergman|nm0000005,Ingmar Bergman,"Max von Sydow,Gunnar Björnstrand,Bengt Ekerot"
tt0892769,How to Train Your Dragon,8.1,761000,2010,PG,1h 38m,"Animation,Action,Adventure","Dean DeBlois|nm0213450,Chris Sanders|nm0761498","Will Davies,Dean DeBlois,Chris Sanders","Jay Baruchel,Gerard Butler,Christopher Mintz-Plasse"
tt0978762,Mary and Max,8.1,181000,2009,Not Rated,1h 32m,"Animation,Comedy,Drama",Adam Elliot|nm0254178,Adam Elliot,"Toni Collette,Philip Seymour Hoffman,Eric Bana"
tt0097165,Dead Poets Society,8.1,509000,1989,PG,2h 8m,"Comedy,Drama",Peter Weir|nm0001837,Tom Schulman,"Robin Williams,Robert Sean Leonard,Ethan Hawke"
tt0031679,Mr. Smith Goes to Washington,8.1,118000,1939,Passed,2h 9m,"Comedy,Drama",Frank Capra|nm0001008,"Sidney Buchman,Lewis R. Foster,Myles Connolly","James Stewart,Jean Arthur,Claude Rains"
tt0353969,Memories of Murder,8.1,196000,2003,Not Rated,2h 12m,"Crime,Drama,Mystery",Bong Joon Ho|nm0094435,"Bong Joon Ho,Kwang-rim Kim,Sung-bo Shim","Song Kang-ho,Kim Sang-kyung,Roe-ha Kim"
tt0046268,The Wages of Fear,8.2,63000,1953,Not Rated,2h 11m,"Adventure,Drama,Thriller",Henri-Georges Clouzot|nm0167241,"Georges Arnaud,Henri-Georges Clouzot,Jérôme Géronimi","Yves Montand,Charles Vanel,Peter van Eyck"
tt3011894,Wild Tales,8.1,205000,2014,R,2h 2m,"Comedy,Drama,Thriller",Damián Szifron|nm1167933,"Julian Loyola,Damián Szifron,Germán Servidio","Darío Grandinetti,María Marull,Mónica Villa"
tt0015324,Sherlock Jr.,8.2,52000,1924,Passed,45m,"Action,Comedy,Romance",Buster Keaton|nm0000036,"Jean C. Havez,Joseph A. Mitchell,Clyde Bruckman","Buster Keaton,Kathryn McGuire,Joe Keaton"
tt0041959,The Third Man,8.1,175000,1949,Approved,1h 33m,"Film-Noir,Mystery,Thriller",Carol Reed|nm0715346,"Graham Greene,Orson Welles,Alexander Korda","Orson Welles,Joseph Cotten,Alida Valli"
tt1392190,Mad Max: Fury Road,8.1,1000000,2015,R,2h,"Action,Adventure,Sci-Fi",George Miller|nm0004306,"George Miller,Brendan McCarthy,Nick Lathouris","Tom Hardy,Charlize Theron,Nicholas Hoult"
tt0107207,In the Name of the Father,8.1,180000,1993,R,2h 13m,"Biography,Crime,Drama",Jim Sheridan|nm0006487,"Gerry Conlon,Terry George,Jim Sheridan","Daniel Day-Lewis,Pete Postlethwaite,Alison Crosbie"
tt2267998,Gone Girl,8.1,1000000,2014,R,2h 29m,"Drama,Mystery,Thriller",David Fincher|nm0000399,Gillian Flynn,"Ben Affleck,Rosamund Pike,Neil Patrick Harris"
tt2119532,Hacksaw Ridge,8.1,549000,2016,R,2h 19m,"Biography,Drama,History",Mel Gibson|nm0000154,"Robert Schenkkan,Andrew Knight","Andrew Garfield,Sam Worthington,Luke Bracey"
tt0050986,Wild Strawberries,8.1,110000,1957,Not Rated,1h 31m,"Drama,Romance",Ingmar Bergman|nm0000005,Ingmar Bergman,"Victor Sjöström,Bibi Andersson,Ingrid Thulin"
tt0072684,Barry Lyndon,8.1,174000,1975,PG,3h 5m,"Adventure,Drama,War",Stanley Kubrick|nm0000040,"Stanley Kubrick,William Makepeace Thackeray","Ryan O'Neal,Marisa Berenson,Patrick Magee"
tt0017925,The General,8.1,94000,1926,Passed,1h 7m,"Action,Adventure,Comedy","Clyde Bruckman|nm0115669,Buster Keaton|nm0000036","Buster Keaton,Clyde Bruckman,Al Boasberg","Buster Keaton,Marion Mack,Glen Cavender"
tt0077416,The Deer Hunter,8.1,347000,1978,R,3h 3m,"Drama,War",Michael Cimino|nm0001047,"Michael Cimino,Deric Washburn,Louis Garfinkle","Robert De Niro,Christopher Walken,John Cazale"
tt0047296,On the Waterfront,8.1,158000,1954,Approved,1h 48m,"Crime,Drama,Thriller",Elia Kazan|nm0001415,"Budd Schulberg,Malcolm Johnson,Robert Siodmak","Marlon Brando,Karl Malden,Lee J. Cobb"
tt2278388,The Grand Budapest Hotel,8.1,838000,2014,R,1h 39m,"Adventure,Comedy,Crime",Wes Anderson|nm0027572,"Stefan Zweig,Wes Anderson,Hugo Guinness","Ralph Fiennes,F. Murray Abraham,Mathieu Amalric"
tt2024544,12 Years a Slave,8.1,715000,2013,R,2h 14m,"Biography,Drama,History",Steve McQueen|nm2588606,"John Ridley,Solomon Northup","Chiwetel Ejiofor,Michael Kenneth Williams,Michael Fassbender"
tt0052618,Ben-Hur,8.1,245000,1959,G,3h 32m,"Adventure,Drama",William Wyler|nm0943758,"Lew Wallace,Karl Tunberg,Gore Vidal","Charlton Heston,Jack Hawkins,Stephen Boyd"
tt4729430,Klaus,8.2,166000,2019,PG,1h 36m,"Animation,Adventure,Comedy","Sergio Pablos|nm0655053,Carlos Martínez López|nm3582089","Sergio Pablos,Jim Mahoney,Zach Lewis","Jason Schwartzman,J.K. Simmons,Rashida Jones"
tt0118849,Children of Heaven,8.2,77000,1997,PG,1h 29m,"Drama,Family,Sport",Majid Majidi|nm0006498,Majid Majidi,"Mohammad Amir Naji,Amir Farrokh Hashemian,Bahare Seddiqi"
tt1201607,Harry Potter and the Deathly Hallows: Part 2,8.1,900000,2011,PG-13,2h 10m,"Adventure,Family,Fantasy",David Yates|nm0946734,"Steve Kloves,J.K. Rowling","Daniel Radcliffe,Emma Watson,Rupert Grint"
tt0015864,The Gold Rush,8.1,114000,1925,Passed,1h 35m,"Adventure,Comedy,Drama",Charles Chaplin|nm0000122,Charles Chaplin,"Charles Chaplin,Mack Swain,Tom Murray"
tt0112471,Before Sunrise,8.1,320000,1995,R,1h 41m,"Drama,Romance",Richard Linklater|nm0000500,"Richard Linklater,Kim Krizan","Ethan Hawke,Julie Delpy,Andrea Eckert"
tt0083658,Blade Runner,8.1,787000,1982,R,1h 57m,"Action,Drama,Sci-Fi",Ridley Scott|nm0000631,"Hampton Fancher,David Webb Peoples,Philip K. Dick","Harrison Ford,Rutger Hauer,Sean Young"
tt0405159,Million Dollar Baby,8.1,700000,2004,PG-13,2h 12m,"Drama,Sport",Clint Eastwood|nm0000142,"Paul Haggis,F.X. Toole","Hilary Swank,Clint Eastwood,Morgan Freeman"
tt0096283,My Neighbor Totoro,8.1,352000,1988,G,1h 26m,"Animation,Comedy,Family",Hayao Miyazaki|nm0594503,Hayao Miyazaki,"Hitoshi Takagi,Noriko Hidaka,Chika Sakamoto"
tt1205489,Gran Torino,8.1,789000,2008,R,1h 56m,Drama,Clint Eastwood|nm0000142,"Nick Schenk,Dave Johannson","Clint Eastwood,Bee Vang,Christopher Carley"
tt0264464,Catch Me If You Can,8.1,1000000,2002,PG-13,2h 21m,"Biography,Crime,Drama",Steven Spielberg|nm0000229,"Jeff Nathanson,Frank Abagnale Jr.,Stan Redding","Leonardo DiCaprio,Tom Hanks,Christopher Walken"
tt1291584,Warrior,8.1,482000,2011,PG-13,2h 20m,"Action,Drama,Sport",Gavin O'Connor|nm0640334,"Gavin O'Connor,Anthony Tambakis,Cliff Dorfman","Tom Hardy,Nick Nolte,Joel Edgerton"
tt0117951,Trainspotting,8.1,701000,1996,R,1h 33m,Drama,Danny Boyle|nm0000965,"Irvine Welsh,John Hodge","Ewan McGregor,Ewen Bremner,Jonny Lee Miller"
tt5027774,"Three Billboards Outside Ebbing, Missouri",8.1,526000,2017,R,1h 55m,"Comedy,Crime,Drama",Martin McDonagh|nm1732981,Martin McDonagh,"Frances McDormand,Woody Harrelson,Sam Rockwell"
tt1392214,Prisoners,8.1,745000,2013,R,2h 33m,"Crime,Drama,Mystery",Denis Villeneuve|nm0898288,Aaron Guzikowski,"Hugh Jackman,Jake Gyllenhaal,Viola Davis"
tt0050212,The Bridge on the River Kwai,8.1,226000,1957,PG,2h 41m,"Adventure,Drama,War",David Lean|nm0000180,"Pierre Boulle,Carl Foreman,Michael Wilson","William Holden,Alec Guinness,Jack Hawkins"
tt0116282,Fargo,8.1,692000,1996,R,1h 38m,"Crime,Thriller","Joel Coen|nm0001054,Ethan Coen|nm0001053","Ethan Coen,Joel Coen","William H. Macy,Frances McDormand,Steve Buscemi"
tt1305806,The Secret in Their Eyes,8.2,214000,2009,R,2h 9m,"Drama,Mystery,Romance",Juan José Campanella|nm0002728,"Eduardo Sacheri,Juan José Campanella","Ricardo Darín,Soledad Villamil,Pablo Rago"
tt2096673,Inside Out,8.1,736000,2015,PG,1h 35m,"Animation,Adventure,Comedy","Pete Docter|nm0230032,Ronnie Del Carmen|nm0215455","Pete Docter,Ronnie Del Carmen,Meg LeFauve","Amy Poehler,Bill Hader,Lewis Black"
tt0071315,Chinatown,8.2,335000,1974,R,2h 10m,"Drama,Mystery,Thriller",Roman Polanski|nm0000591,"Robert Towne,Roman Polanski","Jack Nicholson,Faye Dunaway,John Huston"
tt0347149,Howl's Moving Castle,8.2,411000,2004,PG,1h 59m,"Animation,Adventure,Family",Hayao Miyazaki|nm0594503,"Hayao Miyazaki,Diana Wynne Jones","Chieko Baishô,Takuya Kimura,Tatsuya Gashûin"
tt0046912,Dial M for Murder,8.2,180000,1954,PG,1h 45m,"Crime,Thriller",Alfred Hitchcock|nm0000033,Frederick Knott,"Ray Milland,Grace Kelly,Robert Cummings"
tt0031381,Gone with the Wind,8.2,322000,1939,Passed,3h 58m,"Drama,Romance,War","Victor Fleming|nm0281808,George Cukor|nm0002030,Sam Wood|nm0939992","Margaret Mitchell,Sidney Howard,Oliver H.P. Garrett","Clark Gable,Vivien Leigh,Thomas Mitchell"
tt0120735,"Lock, Stock and Two Smoking Barrels",8.1,595000,1998,R,1h 47m,"Action,Comedy,Crime",Guy Ritchie|nm0005363,Guy Ritchie,"Jason Flemyng,Dexter Fletcher,Nick Moran"
tt0081398,Raging Bull,8.1,363000,1980,R,2h 9m,"Biography,Drama,Sport",Martin Scorsese|nm0000217,"Jake LaMotta,Joseph Carter,Peter Savage","Robert De Niro,Cathy Moriarty,Joe Pesci"
tt0434409,V for Vendetta,8.2,1100000,2005,R,2h 12m,"Action,Drama,Sci-Fi",James McTeigue|nm0574625,"Lilly Wachowski,Lana Wachowski,David Lloyd","Hugo Weaving,Natalie Portman,Rupert Graves"
tt10872600,Spider-Man: No Way Home,8.2,796000,2021,PG-13,2h 28m,"Action,Adventure,Fantasy",Jon Watts|nm1218281,"Chris McKenna,Erik Sommers,Stan Lee","Tom Holland,Zendaya,Benedict Cumberbatch"
tt0084787,The Thing,8.2,438000,1982,R,1h 49m,"Horror,Mystery,Sci-Fi",John Carpenter|nm0000118,"Bill Lancaster,John W. Campbell Jr.","Kurt Russell,Wilford Brimley,Keith David"
tt0080678,The Elephant Man,8.2,248000,1980,PG,2h 4m,"Biography,Drama",David Lynch|nm0000186,"Christopher De Vore,Eric Bergren,David Lynch","Anthony Hopkins,John Hurt,Anne Bancroft"
tt0266543,Finding Nemo,8.2,1100000,2003,G,1h 40m,"Animation,Adventure,Comedy","Andrew Stanton|nm0004056,Lee Unkrich|nm0881279","Andrew Stanton,Bob Peterson,David Reynolds","Albert Brooks,Ellen DeGeneres,Alexander Gould"
tt0057115,The Great Escape,8.2,249000,1963,Approved,2h 52m,"Adventure,Drama,History",John Sturges|nm0836328,"Paul Brickhill,James Clavell,W.R. Burnett","Steve McQueen,James Garner,Richard Attenborough"
tt0266697,Kill Bill: Vol. 1,8.2,1100000,2003,R,1h 51m,"Action,Crime,Drama",Quentin Tarantino|nm0000233,"Quentin Tarantino,Uma Thurman","Uma Thurman,David Carradine,Daryl Hannah"
tt6791350,Guardians of the Galaxy Vol. 3,8.3,139000,2023,PG-13,2h 30m,"Action,Adventure,Comedy",James Gunn|nm0348181,James Gunn,"Chris Pratt,Chukwudi Iwuji,Bradley Cooper"
tt0040897,The Treasure of the Sierra Madre,8.2,128000,1948,Passed,2h 6m,"Adventure,Drama,Western",John Huston|nm0001379,"John Huston,B. Traven","Humphrey Bogart,Walter Huston,Tim Holt"
tt0071853,Monty Python and the Holy Grail,8.2,552000,1975,PG,1h 31m,"Adventure,Comedy,Fantasy","Terry Gilliam|nm0000416,Terry Jones|nm0001402","Graham Chapman,John Cleese,Eric Idle","Graham Chapman,John Cleese,Eric Idle"
tt0042876,Rashomon,8.2,173000,1950,Not Rated,1h 28m,"Crime,Drama,Mystery",Akira Kurosawa|nm0000041,"Ryûnosuke Akutagawa,Akira Kurosawa,Shinobu Hashimoto","Toshirô Mifune,Machiko Kyô,Masayuki Mori"
tt0477348,No Country for Old Men,8.2,1000000,2007,R,2h 2m,"Crime,Drama,Thriller","Ethan Coen|nm0001053,Joel Coen|nm0001054","Joel Coen,Ethan Coen,Cormac McCarthy","Tommy Lee Jones,Javier Bardem,Josh Brolin"
tt0055630,Yojimbo,8.2,126000,1961,Not Rated,1h 50m,"Action,Drama,Thriller",Akira Kurosawa|nm0000041,"Akira Kurosawa,Ryûzô Kikushima","Toshirô Mifune,Eijirô Tôno,Tatsuya Nakadai"
tt0469494,There Will Be Blood,8.2,602000,2007,R,2h 38m,Drama,Paul Thomas Anderson|nm0000759,"Paul Thomas Anderson,Upton Sinclair","Daniel Day-Lewis,Paul Dano,Ciarán Hinds"
tt0268978,A Beautiful Mind,8.2,950000,2001,PG-13,2h 15m,"Biography,Drama",Ron Howard|nm0000165,"Akiva Goldsman,Sylvia Nasar","Russell Crowe,Ed Harris,Jennifer Connelly"
tt1130884,Shutter Island,8.2,1400000,2010,R,2h 18m,"Mystery,Thriller",Martin Scorsese|nm0000217,"Laeta Kalogridis,Dennis Lehane","Leonardo DiCaprio,Emily Mortimer,Mark Ruffalo"
tt0105695,Unforgiven,8.2,421000,1992,R,2h 10m,"Drama,Western",Clint Eastwood|nm0000142,David Webb Peoples,"Clint Eastwood,Gene Hackman,Morgan Freeman"
tt0107290,Jurassic Park,8.2,1000000,1993,PG-13,2h 7m,"Action,Adventure,Sci-Fi",Steven Spielberg|nm0000229,"Michael Crichton,David Koepp","Sam Neill,Laura Dern,Jeff Goldblum"
tt0120382,The Truman Show,8.2,1100000,1998,PG,1h 43m,"Comedy,Drama",Peter Weir|nm0001837,Andrew Niccol,"Jim Carrey,Ed Harris,Laura Linney"
tt0167404,The Sixth Sense,8.2,1000000,1999,PG-13,1h 47m,"Drama,Mystery,Thriller",M. Night Shyamalan|nm0796117,M. Night Shyamalan,"Bruce Willis,Haley Joel Osment,Toni Collette"
tt0457430,Pan's Labyrinth,8.2,681000,2006,R,1h 58m,"Drama,Fantasy,War",Guillermo del Toro|nm0868219,Guillermo del Toro,"Ivana Baquero,Ariadna Gil,Sergi López"
tt0993846,The Wolf of Wall Street,8.2,1500000,2013,R,3h,"Biography,Comedy,Crime",Martin Scorsese|nm0000217,"Terence Winter,Jordan Belfort","Leonardo DiCaprio,Jonah Hill,Margot Robbie"
tt0089881,Ran,8.2,129000,1985,R,2h 42m,"Action,Drama,War",Akira Kurosawa|nm0000041,"Akira Kurosawa,Hideo Oguni,Masato Ide","Tatsuya Nakadai,Akira Terao,Jinpachi Nezu"
tt0042192,All About Eve,8.2,134000,1950,Passed,2h 18m,Drama,Joseph L. Mankiewicz|nm0000581,"Joseph L. Mankiewicz,Mary Orr","Bette Davis,Anne Baxter,George Sanders"
tt0112641,Casino,8.2,534000,1995,R,2h 58m,"Crime,Drama",Martin Scorsese|nm0000217,"Nicholas Pileggi,Martin Scorsese","Robert De Niro,Sharon Stone,Joe Pesci"
tt6966692,Green Book,8.2,519000,2018,PG-13,2h 10m,"Biography,Comedy,Drama",Peter Farrelly|nm0268380,"Nick Vallelonga,Brian Hayes Currie,Peter Farrelly","Viggo Mortensen,Mahershala Ali,Linda Cardellini"
tt0055031,Judgment at Nuremberg,8.3,80000,1961,Approved,2h 59m,"Drama,War",Stanley Kramer|nm0006452,"Abby Mann,Montgomery Clift","Spencer Tracy,Burt Lancaster,Richard Widmark"
tt10272386,The Father,8.2,168000,2020,PG-13,1h 37m,"Drama,Mystery",Florian Zeller|nm1725469,"Christopher Hampton,Florian Zeller","Anthony Hopkins,Olivia Colman,Mark Gatiss"
tt0053291,Some Like It Hot,8.2,273000,1959,Passed,2h 1m,"Comedy,Music,Romance",Billy Wilder|nm0000697,"Billy Wilder,I.A.L. Diamond,Robert Thoeren","Marilyn Monroe,Tony Curtis,Jack Lemmon"
tt0372784,Batman Begins,8.2,1500000,2005,PG-13,2h 20m,"Action,Crime,Drama",Christopher Nolan|nm0634240,"Bob Kane,David S. Goyer,Christopher Nolan","Christian Bale,Michael Caine,Ken Watanabe"
tt0363163,Downfall,8.2,362000,2004,R,2h 36m,"Biography,Drama,History",Oliver Hirschbiegel|nm0386570,"Bernd Eichinger,Joachim Fest,Traudl Junge","Bruno Ganz,Alexandra Maria Lara,Ulrich Matthes"
tt0059578,For a Few Dollars More,8.2,263000,1965,R,2h 12m,"Drama,Western",Sergio Leone|nm0001466,"Sergio Leone,Fulvio Morsella,Luciano Vincenzoni","Clint Eastwood,Lee Van Cleef,Gian Maria Volontè"
tt1745960,Top Gun: Maverick,8.3,587000,2022,PG-13,2h 10m,"Action,Drama",Joseph Kosinski|nm2676052,"Jim Cash,Jack Epps Jr.,Peter Craig","Tom Cruise,Jennifer Connelly,Miles Teller"
tt0012349,The Kid,8.3,129000,1921,Passed,1h 8m,"Comedy,Drama,Family",Charles Chaplin|nm0000122,Charles Chaplin,"Charles Chaplin,Edna Purviance,Jackie Coogan"
tt5074352,Dangal,8.3,197000,2016,Not Rated,2h 41m,"Action,Biography,Drama",Nitesh Tiwari|nm4318159,"Piyush Gupta,Shreyas Jain,Nikhil Mehrotra","Aamir Khan,Sakshi Tanwar,Fatima Sana Shaikh"
tt8579674,1917,8.2,620000,2019,R,1h 59m,"Action,Drama,War",Sam Mendes|nm0005222,"Sam Mendes,Krysty Wilson-Cairns","Dean-Charles Chapman,George MacKay,Daniel Mays"
tt0075314,Taxi Driver,8.2,863000,1976,R,1h 54m,"Crime,Drama",Martin Scorsese|nm0000217,Paul Schrader,"Robert De Niro,Jodie Foster,Cybill Shepherd"
tt0119488,L.A. Confidential,8.2,593000,1997,R,2h 18m,"Crime,Drama,Mystery",Curtis Hanson|nm0000436,"James Ellroy,Brian Helgeland,Curtis Hanson","Kevin Spacey,Russell Crowe,Guy Pearce"
tt0097576,Indiana Jones and the Last Crusade,8.2,771000,1989,PG-13,2h 7m,"Action,Adventure",Steven Spielberg|nm0000229,"Jeffrey Boam,George Lucas,Menno Meyjes","Harrison Ford,Sean Connery,Alison Doody"
tt0040522,Bicycle Thieves,8.3,167000,1948,Not Rated,1h 29m,Drama,Vittorio De Sica|nm0001120,"Cesare Zavattini,Luigi Bartolini,Oreste Biancoli","Lamberto Maggiorani,Enzo Staiola,Lianella Carell"
tt0986264,Like Stars on Earth,8.3,198000,2007,PG,2h 45m,"Drama,Family","Aamir Khan|nm0451148,Amole Gupte|nm1244760",Amole Gupte,"Darsheel Safary,Aamir Khan,Tanay Chheda"
tt0017136,Metropolis,8.3,178000,1927,Not Rated,2h 33m,"Drama,Sci-Fi",Fritz Lang|nm0000485,"Thea von Harbou,Fritz Lang","Brigitte Helm,Alfred Abel,Gustav Fröhlich"
tt0208092,Snatch,8.2,874000,2000,R,1h 42m,"Comedy,Crime",Guy Ritchie|nm0005363,Guy Ritchie,"Jason Statham,Brad Pitt,Stephen Graham"
tt0095016,Die Hard,8.2,901000,1988,R,2h 12m,"Action,Thriller",John McTiernan|nm0001532,"Roderick Thorp,Jeb Stuart,Steven E. de Souza","Bruce Willis,Alan Rickman,Bonnie Bedelia"
tt1832382,A Separation,8.3,249000,2011,PG-13,2h 3m,Drama,Asghar Farhadi|nm1410815,Asghar Farhadi,"Payman Maadi,Leila Hatami,Sareh Bayat"
tt0070735,The Sting,8.3,269000,1973,PG,2h 9m,"Comedy,Crime,Drama",George Roy Hill|nm0001351,David S. Ward,"Paul Newman,Robert Redford,Robert Shaw"
tt0056592,To Kill a Mockingbird,8.3,322000,1962,Approved,2h 9m,"Crime,Drama",Robert Mulligan|nm0612322,"Harper Lee,Horton Foote","Gregory Peck,John Megna,Frank Overton"
tt8503618,Hamilton,8.3,101000,2020,PG-13,2h 40m,"Biography,Drama,History",Thomas Kail|nm2371802,"Lin-Manuel Miranda,Ron Chernow","Lin-Manuel Miranda,Phillipa Soo,Leslie Odom Jr."
tt1255953,Incendies,8.3,184000,2010,R,2h 11m,"Drama,Mystery",Denis Villeneuve|nm0898288,"Denis Villeneuve,Wajdi Mouawad,Valérie Beaugrand-Champagne","Lubna Azabal,Mélissa Désormeaux-Poulin,Maxim Gaudette"
tt0113277,Heat,8.3,675000,1995,R,2h 50m,"Action,Crime,Drama",Michael Mann|nm0000520,Michael Mann,"Al Pacino,Robert De Niro,Val Kilmer"
tt1049413,Up,8.3,1100000,2009,PG,1h 36m,"Animation,Adventure,Comedy","Pete Docter|nm0230032,Bob Peterson|nm0677037","Pete Docter,Bob Peterson,Tom McCarthy","Edward Asner,Jordan Nagai,John Ratzenberger"
tt0086250,Scarface,8.3,865000,1983,R,2h 50m,"Crime,Drama",Brian De Palma|nm0000361,"Oliver Stone,Howard Hawks,Ben Hecht","Al Pacino,Michelle Pfeiffer,Steven Bauer"
tt0036775,Double Indemnity,8.3,161000,1944,Passed,1h 47m,"Crime,Drama,Film-Noir",Billy Wilder|nm0000697,"Billy Wilder,Raymond Chandler,James M. Cain","Fred MacMurray,Barbara Stanwyck,Edward G. Robinson"
tt0066921,A Clockwork Orange,8.3,847000,1971,X,2h 16m,"Crime,Sci-Fi",Stanley Kubrick|nm0000040,"Stanley Kubrick,Anthony Burgess","Malcolm McDowell,Patrick Magee,Michael Bates"
tt0053604,The Apartment,8.3,187000,1960,Approved,2h 5m,"Comedy,Drama,Romance",Billy Wilder|nm0000697,"Billy Wilder,I.A.L. Diamond","Jack Lemmon,Shirley MacLaine,Fred MacMurray"
tt0053125,North by Northwest,8.3,334000,1959,Approved,2h 16m,"Action,Adventure,Mystery",Alfred Hitchcock|nm0000033,Ernest Lehman,"Cary Grant,Eva Marie Saint,James Mason"
tt0044741,Ikiru,8.3,82000,1952,Not Rated,2h 23m,Drama,Akira Kurosawa|nm0000041,"Akira Kurosawa,Shinobu Hashimoto,Hideo Oguni","Takashi Shimura,Nobuo Kaneko,Shin'ichi Himori"
tt0052357,Vertigo,8.3,411000,1958,PG,2h 8m,"Mystery,Romance,Thriller",Alfred Hitchcock|nm0000033,"Alec Coppel,Samuel A. Taylor,Pierre Boileau","James Stewart,Kim Novak,Barbara Bel Geddes"
tt0093058,Full Metal Jacket,8.3,758000,1987,16+,1h 56m,"Drama,War",Stanley Kubrick|nm0000040,"Stanley Kubrick,Michael Herr,Gustav Hasford","Matthew Modine,R. Lee Ermey,Vincent D'Onofrio"
tt0211915,Amélie,8.3,769000,2001,R,2h 2m,"Comedy,Romance",Jean-Pierre Jeunet|nm0000466,"Guillaume Laurant,Jean-Pierre Jeunet","Audrey Tautou,Mathieu Kassovitz,Rufus"
tt0033467,Citizen Kane,8.3,450000,1941,PG,1h 59m,"Drama,Mystery",Orson Welles|nm0000080,"Herman J. Mankiewicz,Orson Welles,John Houseman","Orson Welles,Joseph Cotten,Dorothy Comingore"
tt0056172,Lawrence of Arabia,8.3,301000,1962,Approved,3h 38m,"Adventure,Biography,Drama",David Lean|nm0000180,"Robert Bolt,Michael Wilson","Peter O'Toole,Alec Guinness,Anthony Quinn"
tt2106476,The Hunt,8.3,341000,2012,R,1h 55m,Drama,Thomas Vinterberg|nm0899121,"Thomas Vinterberg,Tobias Lindholm","Mads Mikkelsen,Thomas Bo Larsen,Annika Wedderkopp"
tt0091251,Come and See,8.4,86000,1985,Not Rated,2h 22m,"Drama,Thriller,War",Elem Klimov|nm0459552,"Ales Adamovich,Elem Klimov","Aleksey Kravchenko,Olga Mironova,Liubomiras Laucevicius"
tt0022100,M,8.3,162000,1931,Passed,1h 39m,"Crime,Mystery,Thriller",Fritz Lang|nm0000485,"Thea von Harbou,Fritz Lang,Egon Jacobsohn","Peter Lorre,Ellen Widmann,Inge Landgut"
tt0338013,Eternal Sunshine of the Spotless Mind,8.3,1000000,2004,R,1h 48m,"Drama,Romance,Sci-Fi",Michel Gondry|nm0327273,"Charlie Kaufman,Michel Gondry,Pierre Bismuth","Jim Carrey,Kate Winslet,Tom Wilkinson"
tt0105236,Reservoir Dogs,8.3,1000000,1992,R,1h 39m,"Crime,Thriller",Quentin Tarantino|nm0000233,"Quentin Tarantino,Roger Avary","Harvey Keitel,Tim Roth,Michael Madsen"
tt0062622,2001: A Space Odyssey,8.3,685000,1968,G,2h 29m,"Adventure,Sci-Fi",Stanley Kubrick|nm0000040,"Stanley Kubrick,Arthur C. Clarke","Keir Dullea,Gary Lockwood,William Sylvester"
tt1187043,3 Idiots,8.4,411000,2009,PG-13,2h 50m,"Comedy,Drama",Rajkumar Hirani|nm0386246,"Abhijat Joshi,Rajkumar Hirani,Vidhu Vinod Chopra","Aamir Khan,Madhavan,Mona Singh"
tt0086190,Star Wars: Episode VI - Return of the Jedi,8.3,1100000,1983,PG,2h 11m,"Action,Adventure,Fantasy",Richard Marquand|nm0549658,"Lawrence Kasdan,George Lucas","Mark Hamill,Harrison Ford,Carrie Fisher"
tt0180093,Requiem for a Dream,8.3,861000,2000,Unrated,1h 42m,Drama,Darren Aronofsky|nm0004716,"Hubert Selby Jr.,Darren Aronofsky","Ellen Burstyn,Jared Leto,Jennifer Connelly"
tt0045152,Singin' in the Rain,8.3,249000,1952,G,1h 43m,"Comedy,Musical,Romance","Stanley Donen|nm0002045,Gene Kelly|nm0000037","Betty Comden,Adolph Green","Gene Kelly,Donald O'Connor,Debbie Reynolds"
tt5311514,Your Name.,8.4,286000,2016,TV-PG,1h 46m,"Animation,Drama,Fantasy",Makoto Shinkai|nm1396121,"Makoto Shinkai,Clark Cheng","Ryunosuke Kamiki,Mone Kamishiraishi,Ryo Narita"
tt0435761,Toy Story 3,8.3,854000,2010,G,1h 43m,"Animation,Adventure,Comedy",Lee Unkrich|nm0881279,"John Lasseter,Andrew Stanton,Lee Unkrich","Tom Hanks,Tim Allen,Joan Cusack"
tt0057565,High and Low,8.4,48000,1963,Not Rated,2h 23m,"Crime,Drama,Mystery",Akira Kurosawa|nm0000041,"Hideo Oguni,Ryûzô Kikushima,Eijirô Hisaita","Toshirô Mifune,Yutaka Sada,Tatsuya Nakadai"
tt8267604,Capernaum,8.4,95000,2018,R,2h 6m,Drama,Nadine Labaki|nm1701024,"Nadine Labaki,Jihad Hojeily,Michelle Keserwany","Zain Al Rafeea,Yordanos Shiferaw,Boluwatife Treasure Bankole"
tt4154796,Avengers: Endgame,8.4,1200000,2019,PG-13,3h 1m,"Action,Adventure,Drama","Anthony Russo|nm0751577,Joe Russo|nm0751648","Christopher Markus,Stephen McFeely,Stan Lee","Robert Downey Jr.,Chris Evans,Mark Ruffalo"
tt0087843,Once Upon a Time in America,8.3,360000,1984,R,3h 49m,"Crime,Drama",Sergio Leone|nm0001466,"Harry Grey,Leonardo Benvenuti,Piero De Bernardi","Robert De Niro,James Woods,Elizabeth McGovern"
tt0119217,Good Will Hunting,8.3,1000000,1997,R,2h 6m,"Drama,Romance",Gus Van Sant|nm0001814,"Matt Damon,Ben Affleck","Robin Williams,Matt Damon,Ben Affleck"
tt0114709,Toy Story,8.3,1000000,1995,G,1h 21m,"Animation,Adventure,Comedy",John Lasseter|nm0005124,"John Lasseter,Pete Docter,Andrew Stanton","Tom Hanks,Tim Allen,Don Rickles"
tt0082096,Das Boot,8.4,256000,1981,,,"Drama,War",Wolfgang Petersen|nm0000583,"Wolfgang Petersen,Lothar G. Buchheim","Jürgen Prochnow,Herbert Grönemeyer,Klaus Wennemann"
tt0119698,Princess Mononoke,8.3,406000,1997,PG-13,2h 14m,"Animation,Action,Adventure",Hayao Miyazaki|nm0594503,"Hayao Miyazaki,Neil Gaiman","Yôji Matsuda,Yuriko Ishida,Yûko Tanaka"
tt7286456,Joker,8.4,1400000,2019,R,2h 2m,"Crime,Drama,Thriller",Todd Phillips|nm0680846,"Todd Phillips,Scott Silver,Bob Kane","Joaquin Phoenix,Robert De Niro,Zazie Beetz"
tt0112573,Braveheart,8.4,1100000,1995,R,2h 58m,"Biography,Drama,History",Mel Gibson|nm0000154,Randall Wallace,"Mel Gibson,Sophie Marceau,Patrick McGoohan"
tt1345836,The Dark Knight Rises,8.4,1700000,2012,PG-13,2h 44m,"Action,Drama,Thriller",Christopher Nolan|nm0634240,"Jonathan Nolan,Christopher Nolan,David S. Goyer","Christian Bale,Tom Hardy,Anne Hathaway"
tt0364569,Oldboy,8.4,596000,2003,R,2h,"Action,Drama,Mystery",Park Chan-wook|nm0661791,"Garon Tsuchiya,Nobuaki Minegishi,Park Chan-wook","Choi Min-sik,Yoo Ji-tae,Kang Hye-jeong"
tt0086879,Amadeus,8.4,410000,1984,PG,2h 40m,"Biography,Drama,Music",Milos Forman|nm0001232,"Peter Shaffer,Zdenek Mahler","F. Murray Abraham,Tom Hulce,Elizabeth Berridge"
tt0361748,Inglourious Basterds,8.3,1500000,2009,R,2h 33m,"Adventure,Drama,War",Quentin Tarantino|nm0000233,Quentin Tarantino,"Brad Pitt,Diane Kruger,Eli Roth"
tt0169547,American Beauty,8.3,1200000,1999,R,2h 2m,Drama,Sam Mendes|nm0005222,Alan Ball,"Kevin Spacey,Annette Bening,Thora Birch"
tt4633694,Spider-Man: Into the Spider-Verse,8.4,563000,2018,PG,1h 57m,"Animation,Action,Adventure","Bob Persichetti|nm2130108,Peter Ramsey|nm0709056,Rodney Rothman|nm0745247","Phil Lord,Rodney Rothman","Shameik Moore,Jake Johnson,Hailee Steinfeld"
tt2380307,Coco,8.4,533000,2017,PG,1h 45m,"Animation,Adventure,Comedy","Lee Unkrich|nm0881279,Adrian Molina|nm2937122","Lee Unkrich,Jason Katz,Matthew Aldrich","Anthony Gonzalez,Gael García Bernal,Benjamin Bratt"
tt0032553,The Great Dictator,8.4,229000,1940,G,2h 5m,"Comedy,Drama,War",Charles Chaplin|nm0000122,Charles Chaplin,"Charles Chaplin,Paulette Goddard,Jack Oakie"
tt0057012,Dr. Strangelove or: How I Learned to Stop Worrying and Love the Bomb,8.4,500000,1964,PG,1h 35m,"Comedy,War",Stanley Kubrick|nm0000040,"Stanley Kubrick,Terry Southern,Peter George","Peter Sellers,George C. Scott,Sterling Hayden"
tt0090605,Aliens,8.4,732000,1986,R,2h 17m,"Action,Adventure,Sci-Fi",James Cameron|nm0000116,"James Cameron,David Giler,Walter Hill","Sigourney Weaver,Michael Biehn,Carrie Henn"
tt0043014,Sunset Blvd.,8.4,227000,1950,Passed,1h 50m,"Drama,Film-Noir",Billy Wilder|nm0000697,"Charles Brackett,Billy Wilder,D.M. Marshman Jr.","William Holden,Gloria Swanson,Erich von Stroheim"
tt4154756,Avengers: Infinity War,8.4,1100000,2018,PG-13,2h 29m,"Action,Adventure,Sci-Fi","Anthony Russo|nm0751577,Joe Russo|nm0751648","Christopher Markus,Stephen McFeely,Stan Lee","Robert Downey Jr.,Chris Hemsworth,Mark Ruffalo"
tt0050825,Paths of Glory,8.4,202000,1957,Approved,1h 28m,"Drama,War",Stanley Kubrick|nm0000040,"Stanley Kubrick,Calder Willingham,Jim Thompson","Kirk Douglas,Ralph Meeker,Adolphe Menjou"
tt0081505,The Shining,8.4,1000000,1980,R,2h 26m,"Drama,Horror",Stanley Kubrick|nm0000040,"Stephen King,Stanley Kubrick,Diane Johnson","Jack Nicholson,Shelley Duvall,Danny Lloyd"
tt0051201,Witness for the Prosecution,8.4,129000,1957,Approved,1h 56m,"Crime,Drama,Mystery",Billy Wilder|nm0000697,"Agatha Christie,Billy Wilder,Harry Kurnitz","Tyrone Power,Marlene Dietrich,Charles Laughton"
tt0405094,The Lives of Others,8.4,396000,2006,R,2h 17m,"Drama,Mystery,Thriller",Florian Henckel von Donnersmarck|nm0003697,Florian Henckel von Donnersmarck,"Ulrich Mühe,Martina Gedeck,Sebastian Koch"
tt0209144,Memento,8.4,1300000,2000,R,1h 53m,"Mystery,Thriller",Christopher Nolan|nm0634240,"Christopher Nolan,Jonathan Nolan","Guy Pearce,Carrie-Anne Moss,Joe Pantoliano"
tt0082971,Indiana Jones and the Raiders of the Lost Ark,8.4,986000,1981,PG,1h 55m,"Action,Adventure",Steven Spielberg|nm0000229,"Lawrence Kasdan,George Lucas,Philip Kaufman","Harrison Ford,Karen Allen,Paul Freeman"
tt0021749,City Lights,8.5,188000,1931,G,1h 27m,"Comedy,Drama,Romance",Charles Chaplin|nm0000122,"Charles Chaplin,Harry Carr,Harry Crocker","Charles Chaplin,Virginia Cherrill,Florence Lee"
tt0047396,Rear Window,8.5,502000,1954,PG,1h 52m,"Mystery,Thriller",Alfred Hitchcock|nm0000033,"John Michael Hayes,Cornell Woolrich","James Stewart,Grace Kelly,Wendell Corey"
tt0910970,WALL·E,8.4,1100000,2008,G,1h 38m,"Animation,Adventure,Family",Andrew Stanton|nm0004056,"Andrew Stanton,Pete Docter,Jim Reardon","Ben Burtt,Elissa Knight,Jeff Garlin"
tt0078788,Apocalypse Now,8.4,682000,1979,R,2h 27m,"Drama,Mystery,War",Francis Ford Coppola|nm0000338,"John Milius,Francis Ford Coppola,Michael Herr","Martin Sheen,Marlon Brando,Robert Duvall"
tt1853728,Django Unchained,8.4,1600000,2012,R,2h 45m,"Drama,Western",Quentin Tarantino|nm0000233,Quentin Tarantino,"Jamie Foxx,Christoph Waltz,Leonardo DiCaprio"
tt0078748,Alien,8.5,903000,1979,R,1h 57m,"Horror,Sci-Fi",Ridley Scott|nm0000631,"Dan O'Bannon,Ronald Shusett","Sigourney Weaver,Tom Skerritt,John Hurt"
tt0064116,Once Upon a Time in the West,8.5,337000,1968,PG-13,2h 45m,Western,Sergio Leone|nm0001466,"Sergio Donati,Sergio Leone,Dario Argento","Henry Fonda,Charles Bronson,Claudia Cardinale"
tt1675434,The Intouchables,8.5,881000,2011,R,1h 52m,"Biography,Comedy,Drama","Olivier Nakache|nm0619923,Éric Toledano|nm0865918","Olivier Nakache,Éric Toledano,Philippe Pozzo di Borgo","François Cluzet,Omar Sy,Anne Le Ny"
tt0056058,Harakiri,8.6,61000,1962,Not Rated,2h 13m,"Action,Drama,Mystery",Masaki Kobayashi|nm0462030,"Yasuhiko Takiguchi,Shinobu Hashimoto","Tatsuya Nakadai,Akira Ishihama,Shima Iwashita"
tt0095765,Cinema Paradiso,8.5,268000,1988,PG,2h 35m,"Drama,Romance",Giuseppe Tornatore|nm0868153,"Giuseppe Tornatore,Vanna Paoli","Philippe Noiret,Enzo Cannavale,Antonella Attili"
tt0095327,Grave of the Fireflies,8.5,287000,1988,Not Rated,1h 29m,"Animation,Drama,War",Isao Takahata|nm0847223,"Akiyuki Nosaka,Isao Takahata","Tsutomu Tatsumi,Ayano Shiraishi,Akemi Yamaguchi"
tt0034583,Casablanca,8.5,583000,1942,PG,1h 42m,"Drama,Romance,War",Michael Curtiz|nm0002031,"Julius J. Epstein,Philip G. Epstein,Howard Koch","Humphrey Bogart,Ingrid Bergman,Paul Henreid"
tt0114814,The Usual Suspects,8.5,1100000,1995,R,1h 46m,"Crime,Drama,Mystery",Bryan Singer|nm0001741,Christopher McQuarrie,"Kevin Spacey,Gabriel Byrne,Chazz Palminteri"
tt0027977,Modern Times,8.5,248000,1936,G,1h 27m,"Comedy,Drama,Romance",Charles Chaplin|nm0000122,Charles Chaplin,"Charles Chaplin,Paulette Goddard,Henry Bergman"
tt0482571,The Prestige,8.5,1400000,2006,PG-13,2h 10m,"Drama,Mystery,Sci-Fi",Christopher Nolan|nm0634240,"Jonathan Nolan,Christopher Nolan,Christopher Priest","Christian Bale,Hugh Jackman,Scarlett Johansson"
tt0816692,Interstellar,8.7,1900000,2014,PG-13,2h 49m,"Adventure,Drama,Sci-Fi",Christopher Nolan|nm0634240,"Jonathan Nolan,Christopher Nolan","Matthew McConaughey,Anne Hathaway,Jessica Chastain"
tt0317248,City of God,8.6,770000,2002,R,2h 10m,"Crime,Drama","Fernando Meirelles|nm0576987,Kátia Lund|nm0526199","Paulo Lins,Bráulio Mantovani","Alexandre Rodrigues,Leandro Firmino,Matheus Nachtergaele"
tt0120815,Saving Private Ryan,8.6,1400000,1998,R,2h 49m,"Drama,War",Steven Spielberg|nm0000229,Robert Rodat,"Tom Hanks,Matt Damon,Tom Sizemore"
tt0102926,The Silence of the Lambs,8.6,1500000,1991,R,1h 58m,"Crime,Drama,Thriller",Jonathan Demme|nm0001129,"Thomas Harris,Ted Tally","Jodie Foster,Anthony Hopkins,Lawrence A. Bonney"
tt0073486,One Flew Over the Cuckoo's Nest,8.7,1000000,1975,R,2h 13m,Drama,Milos Forman|nm0001232,"Lawrence Hauben,Bo Goldman,Ken Kesey","Jack Nicholson,Louise Fletcher,Michael Berryman"
tt0038650,It's a Wonderful Life,8.6,472000,1946,PG,2h 10m,"Drama,Family,Fantasy",Frank Capra|nm0001008,"Frances Goodrich,Albert Hackett,Frank Capra","James Stewart,Donna Reed,Lionel Barrymore"
tt0047478,Seven Samurai,8.6,353000,1954,Not Rated,3h 27m,"Action,Drama",Akira Kurosawa|nm0000041,"Akira Kurosawa,Shinobu Hashimoto,Hideo Oguni","Toshirô Mifune,Takashi Shimura,Keiko Tsushima"
tt0099685,Goodfellas,8.7,1200000,1990,R,2h 25m,"Biography,Crime,Drama",Martin Scorsese|nm0000217,"Nicholas Pileggi,Martin Scorsese","Robert De Niro,Ray Liotta,Joe Pesci"
tt0133093,The Matrix,8.7,2000000,1999,R,2h 16m,"Action,Sci-Fi","Lana Wachowski|nm0905154,Lilly Wachowski|nm0905152","Lilly Wachowski,Lana Wachowski","Keanu Reeves,Laurence Fishburne,Carrie-Anne Moss"
tt0114369,Se7en,8.6,1700000,1995,R,2h 7m,"Crime,Drama,Mystery",David Fincher|nm0000399,Andrew Kevin Walker,"Morgan Freeman,Brad Pitt,Kevin Spacey"
tt0080684,Star Wars: Episode V - The Empire Strikes Back,8.7,1300000,1980,PG,2h 4m,"Action,Adventure,Fantasy",Irvin Kershner|nm0449984,"Leigh Brackett,Lawrence Kasdan,George Lucas","Mark Hamill,Harrison Ford,Carrie Fisher"
tt0120737,The Lord of the Rings: The Fellowship of the Ring,8.8,1900000,2001,PG-13,2h 58m,"Action,Adventure,Drama",Peter Jackson|nm0001392,"J.R.R. Tolkien,Fran Walsh,Philippa Boyens","Elijah Wood,Ian McKellen,Orlando Bloom"
tt0167261,The Lord of the Rings: The Two Towers,8.8,1700000,2002,PG-13,2h 59m,"Action,Adventure,Drama",Peter Jackson|nm0001392,"J.R.R. Tolkien,Fran Walsh,Philippa Boyens","Elijah Wood,Ian McKellen,Viggo Mortensen"
tt0110912,Pulp Fiction,8.9,2100000,1994,R,2h 34m,"Crime,Drama",Quentin Tarantino|nm0000233,"Quentin Tarantino,Roger Avary","John Travolta,Uma Thurman,Samuel L. Jackson"
tt0109830,Forrest Gump,8.8,2100000,1994,PG-13,2h 22m,"Drama,Romance",Robert Zemeckis|nm0000709,"Winston Groom,Eric Roth","Tom Hanks,Robin Wright,Gary Sinise"
tt0137523,Fight Club,8.8,2200000,1999,R,2h 19m,Drama,David Fincher|nm0000399,"Chuck Palahniuk,Jim Uhls","Brad Pitt,Edward Norton,Meat Loaf"
tt0060196,"The Good, the Bad and the Ugly",8.8,777000,1966,Approved,2h 58m,"Adventure,Western",Sergio Leone|nm0001466,"Luciano Vincenzoni,Sergio Leone,Agenore Incrocci","Clint Eastwood,Eli Wallach,Lee Van Cleef"
tt1375666,Inception,8.8,2400000,2010,PG-13,2h 28m,"Action,Adventure,Sci-Fi",Christopher Nolan|nm0634240,Christopher Nolan,"Leonardo DiCaprio,Joseph Gordon-Levitt,Elliot Page"
tt0108052,Schindler's List,9.0,1400000,1993,R,3h 15m,"Biography,Drama,History",Steven Spielberg|nm0000229,"Thomas Keneally,Steven Zaillian","Liam Neeson,Ralph Fiennes,Ben Kingsley"
tt0167260,The Lord of the Rings: The Return of the King,9.0,1900000,2003,PG-13,3h 21m,"Action,Adventure,Drama",Peter Jackson|nm0001392,"J.R.R. Tolkien,Fran Walsh,Philippa Boyens","Elijah Wood,Viggo Mortensen,Ian McKellen"
tt0050083,12 Angry Men,9.0,812000,1957,Approved,1h 36m,"Crime,Drama",Sidney Lumet|nm0001486,Reginald Rose,"Henry Fonda,Lee J. Cobb,Martin Balsam"
tt0071562,The Godfather Part II,9.0,1300000,1974,R,3h 22m,"Crime,Drama",Francis Ford Coppola|nm0000338,"Francis Ford Coppola,Mario Puzo","Al Pacino,Robert De Niro,Robert Duvall"
tt0068646,The Godfather,9.2,1900000,1972,R,2h 55m,"Crime,Drama",Francis Ford Coppola|nm0000338,"Mario Puzo,Francis Ford Coppola","Marlon Brando,Al Pacino,James Caan"
tt0468569,The Dark Knight,9.0,2700000,2008,PG-13,2h 32m,"Action,Crime,Drama",Christopher Nolan|nm0634240,"Jonathan Nolan,Christopher Nolan,David S. Goyer","Christian Bale,Heath Ledger,Aaron Eckhart"
